,precision,recall,f1-score,support
0,0.6071428571428571,1.0,0.7555555555555555,17.0
1,0.6666666666666666,0.25,0.36363636363636365,16.0
2,0.9411764705882353,0.8888888888888888,0.9142857142857143,18.0
accuracy,0.7254901960784313,0.7254901960784313,0.7254901960784313,0.7254901960784313
macro avg,0.7383286647992531,0.7129629629629629,0.6778258778258778,51.0
weighted avg,0.7437112099741857,0.7254901960784313,0.6886229239170415,51.0
